method,blocks,seconds,microseconds_per_block
deterministic_features,62484,9.263271900010295,148.25030247759898
ml_features,62484,20.76573099999223,332.33677421407447
