scenario,original_bytes,oracle_bytes,oracle_ratio,deterministic_bytes,deterministic_ratio,deterministic_regret_bytes,deterministic_regret_fraction,train_selected_fixed,selected_fixed_test_bytes,selected_fixed_test_ratio,global_train_fixed,global_fixed_test_bytes,global_fixed_test_ratio
all_one,32768,653,0.019927978515625,653,0.019927978515625,0,0.0,fixed_zero_gaps,653,0.019927978515625,fixed_one_gaps,32777,1.000274658203125
all_zero,32768,525,0.016021728515625,525,0.016021728515625,0,0.0,fixed_zero,525,0.016021728515625,fixed_one_gaps,653,0.019927978515625
boundary_zeros,32768,17250,0.52642822265625,17270,0.52703857421875,20,0.0006103515625,fixed_zero_trim,17250,0.52642822265625,fixed_one_gaps,31829,0.971343994140625
clustered_bits,32768,5273,0.160919189453125,5274,0.16094970703125,1,3.0517578125e-05,fixed_zero_trim,6196,0.1890869140625,fixed_one_gaps,8926,0.27239990234375
dense_bits_99,32768,3922,0.11968994140625,3922,0.11968994140625,0,0.0,fixed_zero_gaps,3922,0.11968994140625,fixed_one_gaps,32777,1.000274658203125
random,32768,32777,1.000274658203125,32777,1.000274658203125,0,0.0,fixed_raw,32777,1.000274658203125,fixed_one_gaps,32777,1.000274658203125
sparse_bits_001,32768,1078,0.03289794921875,1128,0.034423828125,50,0.00152587890625,fixed_one_gaps,1095,0.033416748046875,fixed_one_gaps,1095,0.033416748046875
sparse_bits_01,32768,3948,0.1204833984375,3948,0.1204833984375,0,0.0,fixed_one_gaps,3948,0.1204833984375,fixed_one_gaps,3948,0.1204833984375
zero_blocks_75,32768,10548,0.3218994140625,10548,0.3218994140625,0,0.0,fixed_zero,10548,0.3218994140625,fixed_one_gaps,10637,0.324615478515625
